BEGIN TRANSACTION;
--ΠΤΗΣΗ
DROP TABLE IF EXISTS "FLIGHT";
CREATE TABLE IF NOT EXISTS "FLIGHT"(
    "id_flight" integer NOT NULL,
    "id_airplane" integer NOT NULL,
    "date_flight" datetime NOT NULL DEFAULT '0000-00-00 00:00:00',
    "id_line" integer NOT NULL,
    "name_terminal" varchar(15) NOT NULL,
    PRIMARY KEY("id_flight"),
    CONSTRAINT "flight_airplane_FK" FOREIGN KEY ("id_airplane") REFERENCES "AIRPLANE" ("id_airplane") ON DELETE CASCADE ON UPDATE CASCADE,
    CONSTRAINT "flight_line_FK" FOREIGN KEY ("id_line") REFERENCES "LINE" ("id_line") ON DELETE CASCADE ON UPDATE CASCADE,
    CONSTRAINT "flight_terminal_FK" FOREIGN KEY ("name_terminal") REFERENCES "TERMINAL" ("name_terminal") ON DELETE CASCADE ON UPDATE CASCADE
);
--ΕΥΡΕΤΗΡΙΑ ΠΤΗΣΗΣ
CREATE INDEX ind_flight1 ON "FLIGHT"("id_airplane");
CREATE INDEX ind_flight2 ON "FLIGHT"("id_line");
CREATE INDEX ind_flight3 ON "FLIGHT"("date_flight");

--ΓΡΑΜΜΗ
DROP TABLE IF EXISTS "LINE";
CREATE TABLE IF NOT EXISTS "LINE"(
    "id_line" integer NOT NULL,
    "day_line" varchar(10) NOT NULL,
    "time_line" time NOT NULL DEFAULT '00:00:00',
    PRIMARY KEY ("id_line")
 );
--ΕΥΡΕΤΗΡΙΟ ΓΡΑΜΜΗΣ
CREATE INDEX ind_line ON "LINE"("day_line");

--ΑΕΡΟΠΛΑΝΟ
 DROP TABLE IF EXISTS "AIRPLANE";
 CREATE TABLE IF NOT EXISTS "AIRPLANE"(
    "id_airplane" integer NOT NULL,
    "name_airplane" varchar(20) NOT NULL,
    "seats" integer NOT NULL,
    "baggage" integer NOT NULL,
    "id_airline" varchar(15) NOT NULL,
    "name_category" varchar(30) NOT NULL,
    PRIMARY KEY("id_airplane"),
    CONSTRAINT "airplane_category_FK" FOREIGN KEY ("name_category") REFERENCES "CATEGORY" ("name_category") ON DELETE CASCADE ON UPDATE CASCADE,
    CONSTRAINT "airplane_airline_FK" FOREIGN KEY ("id_airline") REFERENCES "AIRLINE" ("id_airline") ON DELETE CASCADE ON UPDATE CASCADE
 );
--ΕΥΡΕΤΗΡΙΟ ΑΕΡΟΠΛΑΝΟΥ
CREATE INDEX ind_airplane ON "AIRPLANE"("id_airline");

--ΚΑΤΗΓΟΡΙΑ
 DROP TABLE IF EXISTS "CATEGORY";
 CREATE TABLE IF NOT EXISTS "CATEGORY"(
     "name_category" varchar(30) NOT NULL,
    PRIMARY KEY("name_category")
 );

--ΑΕΡΟΠΟΡΙΚΗ ΕΤΑΙΡΙΑ
DROP TABLE IF EXISTS "AIRLINE";
CREATE TABLE IF NOT EXISTS "AIRLINE"(
    "id_airline" varchar(15) NOT NULL,
    "name_airline" varchar(50) NOT NULL,
    "email" varchar(50) NOT NULL,
    "country" varchar(20) NOT NULL,
    "town" varchar(20) NOT NULL,
    "web" varchar(90) NOT NULL,
    "phone" integer NOT NULL,
    PRIMARY KEY("id_airline")
);
 
--CHECK-IN BOOTH
DROP TABLE IF EXISTS "CHECKIN";
CREATE TABLE IF NOT EXISTS "CHECKIN"(
    "number" varchar(10) NOT NULL,
    "open_time" time NOT NULL DEFAULT '00:00:00',
    "close_time" datetime NOT NULL DEFAULT '00:00:00',
    "id_airline" integer NOT NULL,
    "id_line" integer NOT NULL,
    PRIMARY KEY("id_line"),
    CONSTRAINT "checkin_airline_FK" FOREIGN KEY ("id_airline") REFERENCES "AIRLINE" ("id_airline") ON DELETE CASCADE ON UPDATE CASCADE
    CONSTRAINT "checkin_line_FK" FOREIGN KEY ("id_line") REFERENCES "LINE" ("id_line")  ON DELETE CASCADE ON UPDATE CASCADE
);
--ΕΥΡΕΤΗΡΙΑ CHECK-IN BOOTH
CREATE INDEX ind_checkin1 ON "CHECKIN"("id_airline");
CREATE INDEX ind_checkin2 ON "CHECKIN"("id_line");

--ΤΕΡΜΑΤΙΚΟΣ ΣΤΑΘΜΟΣ
DROP TABLE IF EXISTS "TERMINAL";
CREATE TABLE IF NOT EXISTS "TERMINAL"(
    "name_terminal" varchar(15) NOT NULL,
    PRIMARY KEY("name_terminal")
);

--ΠΥΛΗ
DROP TABLE IF EXISTS "GATE";
CREATE TABLE IF NOT EXISTS "GATE"(
    "name_gate" varchar(15) NOT NULL,
    "name_terminal" varchar(15) NOT NULL,
    PRIMARY KEY("name_gate"),
    CONSTRAINT "gate_terminal_FK" FOREIGN KEY ("name_terminal") REFERENCES "TERMINAL" ("name_terminal") ON DELETE CASCADE ON UPDATE CASCADE
);

--ΑΕΡΟΔΡΟΜΙΟ
DROP TABLE IF EXISTS "AIRPORT";
CREATE TABLE IF NOT EXISTS "AIRPORT"(
    "id_airport" integer NOT NULL,
    "name_airport" varchar(50) NOT NULL,
    "country" varchar(20) NOT NULL,
    "town" varchar(20) NOT NULL,
    PRIMARY KEY("id_airport")
);
--ΕΥΡΕΤΗΡΙΟ ΑΕΡΟΔΡΟΜΙΟΥ
CREATE INDEX ind_airport ON "AIRPORT"("country");

--ΑΦΙΞΗ  
DROP TABLE IF EXISTS "ARRIVAL";
CREATE TABLE IF NOT EXISTS "ARRIVAL"(
    "id_arrival" integer NOT NULL,
    "id_line" integer NOT NULL,
    "id_airport" integer NOT NULL,
    PRIMARY KEY("id_arrival"),
    CONSTRAINT "arrival_airport_FK" FOREIGN KEY ("id_airport") REFERENCES "AIRPORT" ("id_airport") ON DELETE CASCADE ON UPDATE CASCADE,
    CONSTRAINT "arrival_line_FK" FOREIGN KEY ("id_line") REFERENCES "LINE" ("id_line") ON DELETE CASCADE ON UPDATE CASCADE
); 
--ΕΥΡΕΤΗΡΙΑ ΑΦΙΞΗΣ
CREATE INDEX ind_arrival1 ON "ARRIVAL"("id_airport");
CREATE INDEX ind_arrival2 ON "ARRIVAL"("id_line"); 

-- ΠΡΟΟΡΙΣΜΟΣ
DROP TABLE IF EXISTS "DEPARTURE";
CREATE TABLE IF NOT EXISTS "DEPARTURE"(
    "id_departure" integer NOT NULL,
    "id_line" integer NOT NULL,
    "id_airport" integer NOT NULL,
    PRIMARY KEY("id_departure"),
    CONSTRAINT "departure_airport_FK" FOREIGN KEY ("id_airport") REFERENCES "AIRPORT" ("id_airport") ON DELETE CASCADE ON UPDATE CASCADE,
    CONSTRAINT "departure_line_FK" FOREIGN KEY ("id_line") REFERENCES "LINE" ("id_line") ON DELETE CASCADE ON UPDATE CASCADE
 ); 
--ΕΥΡΕΤΗΡΙΑ ΠΡΟΟΡΙΣΜΟΥ
CREATE INDEX ind_departure1 ON "DEPARTURE"("id_airport");
CREATE INDEX ind_departure2 ON "DEPARTURE"("id_line");
 
--ΕΝΔΙΑΜΕΣΟΣ ΣΤΑΘΜΟΣ
DROP TABLE IF EXISTS "MID";
CREATE TABLE IF NOT EXISTS "MID"(
    "id_mid" integer NOT NULL,
    "id_line" integer NOT NULL,
    "id_airport" integer NOT NULL,
    PRIMARY KEY("id_mid"),
    CONSTRAINT "mid_airport_FK" FOREIGN KEY ("id_airport") REFERENCES "AIRPORT" ("id_airport") ON DELETE CASCADE ON UPDATE CASCADE,
    CONSTRAINT "mid_line_FK" FOREIGN KEY ("id_line") REFERENCES "LINE" ("id_line") ON DELETE CASCADE ON UPDATE CASCADE
);  
--ΕΥΡΕΤΗΡΙΑ ΕΝΔΙΑΜΕΣΟΥ ΣΤΑΘΜΟΥ
CREATE INDEX ind_mid1 ON "MID"("id_airport");
CREATE INDEX ind_mid2 ON "MID"("id_line");

--ΔΕΔΟΜΕΝΑ ΤΕΡΜΑΤΙΚΟΥ ΣΤΑΘΜΟΥ
INSERT INTO "TERMINAL"("name_terminal") VALUES
('Terminal A'),('Terminal B'),('Terminal C'),('Terminal D'),('Terminal E'),('Terminal F');

--ΔΕΔΟΜΕΝΑ ΠΥΛΗΣ
INSERT INTO "GATE"('name_gate','name_terminal') VALUES
('A1', 'Terminal A'), ('A2', 'Terminal A'), ('A3', 'Terminal A'), 
('B1', 'Terminal B'), ('B2', 'Terminal B'), ('B3', 'Terminal B'),
('C1', 'Terminal C'), ('C2', 'Terminal C'), ('C3', 'Terminal C'),
('D1', 'Terminal D'), ('D2', 'Terminal D'), ('D3', 'Terminal D'),
('E1', 'Terminal E'), ('E2', 'Terminal E'), ('E3', 'Terminal E'),
('F1', 'Terminal F'), ('F2', 'Terminal F'), ('F3', 'Terminal F');

--ΔΕΔΟΜΕΝΑ ΑΕΡΟΠΟΡΙΚΗΣ ΕΤΑΙΡΙΑΣ
 INSERT INTO "AIRLINE" ("id_airline","name_airline","email","country","town","web","phone") VALUES 
 ('AEG','AEGEAN','contact@aegeanair.com','ΕΛΛΑΔΑ','ΑΘΗΝΑ','www.aegeanair.com','8997594210'),
 ('AER','Aeroflot','munich@aeroflot.de','ΡΩΣΙΑ','ΜΟΣΧΑ','www.aeroflot.ru','8000001151'),
 ('AIA','Air Cairo','res.rm@flyaircairo.com','ΑΙΓΥΠΤΟΣ','ΚΑΪΡΟ','www.flyaircairo.com','2222687681'),
 ('AIC','Air Canada','contact@aircanada.ca','ΚΑΝΑΔΑΣ','ΜΟΝΤΡΕΑΛ','www.aircanada.com','6927115111'),
 ('AIF','Air France','mail.meda@airfrance.fr','ΓΑΛΛΙΑ','ΠΑΡΙΣΙ','www.airfrance.com','6929993772'),
 ('AMA','American Airlines','contact@americanair.com','ΗΝΩΜΕΝΕΣ ΠΟΛΙΤΕΙΕΣ ΑΜΕΡΙΚΗΣ','ΤΕΞΑΣ','www.americanairlines.com','6929993234'),
 ('ASL','ASL Airlines Ireland','contact@ireland.com','ΙΡΛΑΝΔΙΑ','ΔΟΥΒΛΙΝΟ','www.aslairlines.ie','3849726345'),
 ('BRA','British Airways','contactbade@email.ba.com','ΗΝΩΜΕΝΟ ΒΑΣΙΛΕΙΟ','ΛΟΝΔΙΝΟ','www.britishairways.com','4215575758'),
 ('EMI','Emirates','contact@emirates.com','ΗΝΩΜΕΝΑ ΑΡΑΒΙΚΑ ΕΜΙΡΑΤΑ','ΝΤΟΥΜΠΑΙ','www.emirates.com','6945192000'),
 ('EUW','Eurowings','contact@eurowings.com','ΓΕΡΜΑΝΙΑ','ΝΤΙΣΕΛΝΤΟΡΦ','www.eurowings.com','2159988222'),
 ('IBE','Iberia','contact@iberia.com','ΙΣΠΑΝΙΑ','ΜΑΔΡΙΤΗ','www.iberia.com','6950073874'),
 ('ITA','ITA Airways','BookingsChangesRefunds@itaspa.com','ΙΤΑΛΙΑ','ΡΩΜΗ','www.itaspa.com','8003618336'),
 ('KLM','KLM','contact@klm.com','ΟΛΛΑΝΔΙΑ','ΑΜΣΤΕΡΝΤΑΜ','www.klm.com','6929993770'),
 ('LOT','LOT','service@lot.pl','ΠΟΛΩΝΙΑ','ΒΑΡΣΟΒΙΑ','www.lot.com','6915325324'),
 ('LUX','Luxair','group@luxairgroup.lu','ΛΟΥΞΕΜΒΟΥΡΓΟ','ΛΟΥΞΕΜΒΟΥΡΓΟ','www.luxair.lu','3522456123'),
 ('MAL','Malta MedAir','contact@malta.com','ΜΑΛΤΑ','ΒΑΛΕΤΑ','www.maltamedair.com','5621223355'),
 ('NOW','Norwegian','grupper@norwegian.no','ΝΟΡΒΗΓΙΑ','ΌΣΛΟ','www.norwegian.com','8005895000'),
 ('QAN','QANTAS','contact@qantas.com','ΑΥΣΤΡΑΛΙΑ','ΣΙΔΝΕΪ','www.qantas.com','1300655234'),
 ('SIN','Singapore Airlines','de.feedback@singaporeair.com.sg','ΣΙΓΚΑΠΟΥΡΗ','ΣΙΓΚΑΠΟΥΡΗ','www.singaporeair.com','6917415659'),
 ('SWI','SWISS','contact.@swiss.com','ΣΟΥΗΔΙΑ','ΣΤΟΚΧΟΛΜΗ','www.swiss.com','6986798000'),
 ('TAP','TAP Air Portugal','contact@tap.com','ΠΟΡΤΟΓΑΛΙΑ','ΛΙΣΑΒΟΝΑ','www.flytap.com','8009311821'),
 ('THA','Thai Airways International','muc@thai-airways.de','ΤΑΪΛΑΝΔΗ','ΜΠΑΝΓΚΟΚ','www.thaiairways.com','8924207010'),
 ('TRA','Trade Air','sales@trade-air.com','ΚΡΟΑΤΙΑ','ΖΑΓΚΡΕΜΠ','www.trade-air.com','8516265156'),
 ('TUA','Turkish Airlines','sales.muc@thy.com','ΤΟΥΡΚΙΑ','ΚΩΝΣΤΑΝΤΙΝΟΥΠΟΛΗ','www.turkishairlines.com','6986799849'),
 ('TUN','Tunisair','muenchen@tunisair.de','ΤΥΝΗΣΙΑ','ΤΥΝΙΔΑ','www.tunisair.com.tn','6927100110'),
 ('UIA','UIA','uia@goldstar.gr','ΟΥΚΡΑΝΙΑ','ΚΙΕΒΟ','www.flyuia.com','2111003080'),
 ('UNI','United','contact@united.com','ΗΝΩΜΕΝΕΣ ΠΟΛΙΤΕΙΕΣ ΑΜΕΡΙΚΗΣ','ΣΙΚΑΓΟ','www.united.com','6950985051'),
 ('VUE','Vueling','vuelingpass@gistc.es','ΙΣΠΑΝΙΑ','ΒΑΡΚΕΛΩΝΗ','www.vueling.com','8009277989');

--ΔΕΔΟΜΕΝΑ ΑΕΡΟΠΛΑΝΟΥ
INSERT INTO "AIRPLANE"("id_airplane","name_airplane","seats","baggage","id_airline","name_category") VALUES
(1001,'Airbus A319',144,5500,'AEG','ΕΜΠΟΡΙΚΗΣ ΜΕΤΑΦΟΡΑΣ'),
(1002,'Airbus A320neo',180,5500,'AEG','ΕΜΠΟΡΙΚΗΣ ΜΕΤΑΦΟΡΑΣ'),
(1003,'Airbus A320',174,5500,'AEG','ΕΜΠΟΡΙΚΗΣ ΜΕΤΑΦΟΡΑΣ'),
(1004,'Airbus A321neo',220,9000,'AEG','ΕΜΠΟΡΙΚΗΣ ΜΕΤΑΦΟΡΑΣ'),
(1005,'Airbus A321',206,9000,'AEG','ΕΜΠΟΡΙΚΗΣ ΜΕΤΑΦΟΡΑΣ'),
(1006,'Airbus A321',206,9000,'AEG','ΕΜΠΟΡΙΚΗΣ ΜΕΤΑΦΟΡΑΣ'),
(1007,'Dash 8-Q400',78,4500,'AEG','ΕΜΠΟΡΙΚΗΣ ΜΕΤΑΦΟΡΑΣ'),
(1008,'Dash 8-Q400',78,4500,'AEG','ΕΜΠΟΡΙΚΗΣ ΜΕΤΑΦΟΡΑΣ'),
(1009,'Dash 8-100',37,6470,'AEG','ΕΜΠΟΡΙΚΗΣ ΜΕΤΑΦΟΡΑΣ'),
(1010,'ATR 42-600',48,8600,'AEG','ΕΜΠΟΡΙΚΗΣ ΜΕΤΑΦΟΡΑΣ'),
(1011,'Airbus A320',174,5500,'AER','ΕΜΠΟΡΙΚΗΣ ΜΕΤΑΦΟΡΑΣ'),
(1012,'Airbus A320',174,5500,'AER','ΕΜΠΟΡΙΚΗΣ ΜΕΤΑΦΟΡΑΣ'),
(1013,'Airbus A321',206,9000,'AER','ΕΜΠΟΡΙΚΗΣ ΜΕΤΑΦΟΡΑΣ'),
(1014,'Airbus A321',206,9000,'AER','ΕΜΠΟΡΙΚΗΣ ΜΕΤΑΦΟΡΑΣ'),
(1015,'Boeing 777-300ER',402,12000,'AER','ΕΜΠΟΡΙΚΗΣ ΜΕΤΑΦΟΡΑΣ'),
(1016,'Boeing 777-300ER',402,12000,'AER','ΕΜΠΟΡΙΚΗΣ ΜΕΤΑΦΟΡΑΣ'),
(1017,'Irkut MC-21-300',175,5500,'AER','ΕΜΠΟΡΙΚΗΣ ΜΕΤΑΦΟΡΑΣ'),
(1018,'Airbus A320',174,5500,'AIA','ΕΜΠΟΡΙΚΗΣ ΜΕΤΑΦΟΡΑΣ'),
(1019,'Airbus A321neo',220,9000,'AIA','ΕΜΠΟΡΙΚΗΣ ΜΕΤΑΦΟΡΑΣ'),
(1020,'Airbus A321neo',220,9000,'AIA','ΕΜΠΟΡΙΚΗΣ ΜΕΤΑΦΟΡΑΣ'),
(1021,'Boeing 787-9',298,9000,'AIC','ΕΜΠΟΡΙΚΗΣ ΜΕΤΑΦΟΡΑΣ'),
(1022,'Boeing 787-9',298,9000,'AIC','ΕΜΠΟΡΙΚΗΣ ΜΕΤΑΦΟΡΑΣ'),
(1023,'Boeing 737',200,8000,'AIC','ΕΜΠΟΡΙΚΗΣ ΜΕΤΑΦΟΡΑΣ'),
(1024,'Airbus A320',174,5500,'AIC','ΕΜΠΟΡΙΚΗΣ ΜΕΤΑΦΟΡΑΣ'),
(1025,'Airbus A321',206,9000,'AIC','ΕΜΠΟΡΙΚΗΣ ΜΕΤΑΦΟΡΑΣ'),
(1026,'Airbus A321',206,9000,'AIF','ΕΜΠΟΡΙΚΗΣ ΜΕΤΑΦΟΡΑΣ'),
(1027,'Airbus A320',174,5500,'AIF','ΕΜΠΟΡΙΚΗΣ ΜΕΤΑΦΟΡΑΣ'),
(1028,'Boeing 777-300ER',402,12000,'AIF','ΕΜΠΟΡΙΚΗΣ ΜΕΤΑΦΟΡΑΣ'),
(1029,'Boeing 777-300ER',402,12000,'AIF','ΕΜΠΟΡΙΚΗΣ ΜΕΤΑΦΟΡΑΣ'),
(1030,'Boeing 777-300ER',402,12000,'AMA','ΕΜΠΟΡΙΚΗΣ ΜΕΤΑΦΟΡΑΣ'),
(1031,'Boeing 777-300ER',402,12000,'AMA','ΕΜΠΟΡΙΚΗΣ ΜΕΤΑΦΟΡΑΣ'),
(1032,'Airbus A319',128,5000,'AMA','ΕΜΠΟΡΙΚΗΣ ΜΕΤΑΦΟΡΑΣ'),
(1033,'Airbus A319',128,5000,'AMA','ΕΜΠΟΡΙΚΗΣ ΜΕΤΑΦΟΡΑΣ'),
(1034,'Airbus A321',206,9000,'AMA','ΕΜΠΟΡΙΚΗΣ ΜΕΤΑΦΟΡΑΣ'),
(1035,'Airbus A321',206,9000,'AMA','ΕΜΠΟΡΙΚΗΣ ΜΕΤΑΦΟΡΑΣ'),
(1036,'Airbus A321neo',220,9000,'AMA','ΕΜΠΟΡΙΚΗΣ ΜΕΤΑΦΟΡΑΣ'),
(1037,'Airbus A321neo',220,9000,'AMA','ΕΜΠΟΡΙΚΗΣ ΜΕΤΑΦΟΡΑΣ'),
(1038,'Boeing 737',200,8000,'ASL','ΕΜΠΟΡΙΚΗΣ ΜΕΤΑΦΟΡΑΣ'),
(1039,'Boeing 737',0,8000,'ASL','ΒΙΟΜΗΧΑΝΙΚΩΝ ΜΕΤΑΦΟΡΩΝ'),
(1040,'Airbus A320',174,5500,'BRA','ΕΜΠΟΡΙΚΗΣ ΜΕΤΑΦΟΡΑΣ'),
(1041,'Airbus A320',174,5500,'BRA','ΕΜΠΟΡΙΚΗΣ ΜΕΤΑΦΟΡΑΣ'),
(1042,'Airbus A321',206,9000,'BRA','ΕΜΠΟΡΙΚΗΣ ΜΕΤΑΦΟΡΑΣ'),
(1043,'Airbus A321',206,9000,'BRA','ΕΜΠΟΡΙΚΗΣ ΜΕΤΑΦΟΡΑΣ'),
(1044,'Airbus A321neo',220,'9000','BRA','ΕΜΠΟΡΙΚΗΣ ΜΕΤΑΦΟΡΑΣ'),
(1045,'Airbus A321neo',220,'9000','BRA','ΕΜΠΟΡΙΚΗΣ ΜΕΤΑΦΟΡΑΣ'),
(1046,'Airbus A380',500,16000,'EMI','ΕΜΠΟΡΙΚΗΣ ΜΕΤΑΦΟΡΑΣ'),
(1047,'Airbus A380',500,16000,'EMI','ΕΜΠΟΡΙΚΗΣ ΜΕΤΑΦΟΡΑΣ'),
(1048,'Boeing 777-300ER',402,12000,'EMI','ΕΜΠΟΡΙΚΗΣ ΜΕΤΑΦΟΡΑΣ'),
(1049,'Boeing 777-300ER',402,12000,'EMI','ΕΜΠΟΡΙΚΗΣ ΜΕΤΑΦΟΡΑΣ'),
(1050,'Airbus A319',128,5000,'EUW','ΕΜΠΟΡΙΚΗΣ ΜΕΤΑΦΟΡΑΣ'),
(1051,'Airbus A320',174,5500,'EUW','ΕΜΠΟΡΙΚΗΣ ΜΕΤΑΦΟΡΑΣ'),
(1052,'Airbus A330',310,9000,'EUW','ΕΜΠΟΡΙΚΗΣ ΜΕΤΑΦΟΡΑΣ'),
(1053,'Airbus A330',310,9000,'IBE','ΕΜΠΟΡΙΚΗΣ ΜΕΤΑΦΟΡΑΣ'),
(1054,'Airbus A330',310,9000,'IBE','ΕΜΠΟΡΙΚΗΣ ΜΕΤΑΦΟΡΑΣ'),
(1055,'Airbus A319',128,5000,'IBE','ΕΜΠΟΡΙΚΗΣ ΜΕΤΑΦΟΡΑΣ'),
(1056,'Airbus A321',206,9000,'IBE','ΕΜΠΟΡΙΚΗΣ ΜΕΤΑΦΟΡΑΣ'),
(1057,'Airbus A321neo',220,'9000','IBE','ΕΜΠΟΡΙΚΗΣ ΜΕΤΑΦΟΡΑΣ'),
(1058,'Airbus A320',174,5500,'IBE','ΕΜΠΟΡΙΚΗΣ ΜΕΤΑΦΟΡΑΣ'),
(1059,'Airbus A321neo',220,9000,'IBE','ΕΜΠΟΡΙΚΗΣ ΜΕΤΑΦΟΡΑΣ'),
(1060,'Airbus A320',174,5500,'ITA','ΕΜΠΟΡΙΚΗΣ ΜΕΤΑΦΟΡΑΣ'),
(1061,'Airbus A321',206,9000,'ITA','ΕΜΠΟΡΙΚΗΣ ΜΕΤΑΦΟΡΑΣ'),
(1062,'Airbus A321',206,9000,'ITA','ΕΜΠΟΡΙΚΗΣ ΜΕΤΑΦΟΡΑΣ'),
(1063,'Airbus A321neo',220,9000,'ITA','ΕΜΠΟΡΙΚΗΣ ΜΕΤΑΦΟΡΑΣ'),
(1064,'Boeing 777-300ER',402,12000,'ITA','ΕΜΠΟΡΙΚΗΣ ΜΕΤΑΦΟΡΑΣ'),
(1065,'Boeing 777-300ER',402,12000,'ITA','ΕΜΠΟΡΙΚΗΣ ΜΕΤΑΦΟΡΑΣ'),
(1066,'Boeing 777-300ER',402,12000,'KLM','ΕΜΠΟΡΙΚΗΣ ΜΕΤΑΦΟΡΑΣ'),
(1067,'Boeing 737',200,8000,'KLM','ΕΜΠΟΡΙΚΗΣ ΜΕΤΑΦΟΡΑΣ'),
(1068,'Airbus A321',206,9000,'KLM','ΕΜΠΟΡΙΚΗΣ ΜΕΤΑΦΟΡΑΣ'),
(1069,'Boeing 737',200,8000,'LOT','ΕΜΠΟΡΙΚΗΣ ΜΕΤΑΦΟΡΑΣ'),
(1070,'Embraer 175',78,4500,'LOT','ΕΜΠΟΡΙΚΗΣ ΜΕΤΑΦΟΡΑΣ'),
(1071,'Boeing 737',200,8000,'LUX','ΕΜΠΟΡΙΚΗΣ ΜΕΤΑΦΟΡΑΣ'),
(1072,'Embraer 175',78,4500,'LUX','ΕΜΠΟΡΙΚΗΣ ΜΕΤΑΦΟΡΑΣ'),
(1073,'Airbus A320',174,5500,'MAL','ΕΜΠΟΡΙΚΗΣ ΜΕΤΑΦΟΡΑΣ'),
(1074,'Boeing 737',200,8000,'NOW','ΕΜΠΟΡΙΚΗΣ ΜΕΤΑΦΟΡΑΣ'),
(1075,'Boeing 737',200,8000,'NOW','ΕΜΠΟΡΙΚΗΣ ΜΕΤΑΦΟΡΑΣ'),
(1076,'Boeing 737',200,8000,'QAN','ΕΜΠΟΡΙΚΗΣ ΜΕΤΑΦΟΡΑΣ'),
(1077,'Boeing 737',200,8000,'QAN','ΕΜΠΟΡΙΚΗΣ ΜΕΤΑΦΟΡΑΣ'),
(1078,'Boeing 747',402,12000,'QAN','ΕΜΠΟΡΙΚΗΣ ΜΕΤΑΦΟΡΑΣ'),
(1079,'Boeing 747',402,12000,'QAN','ΕΜΠΟΡΙΚΗΣ ΜΕΤΑΦΟΡΑΣ'),
(1080,'Airbus A330',310,9000,'SIN','ΕΜΠΟΡΙΚΗΣ ΜΕΤΑΦΟΡΑΣ'),
(1081,'Airbus A330',310,9000,'SIN','ΕΜΠΟΡΙΚΗΣ ΜΕΤΑΦΟΡΑΣ'),
(1082,'Boeing 777-300ER',402,12000,'SIN','ΕΜΠΟΡΙΚΗΣ ΜΕΤΑΦΟΡΑΣ'),
(1083,'Airbus A319',128,5000,'SWI','ΕΜΠΟΡΙΚΗΣ ΜΕΤΑΦΟΡΑΣ'),
(1084,'Airbus A320',174,5500,'SWI','ΕΜΠΟΡΙΚΗΣ ΜΕΤΑΦΟΡΑΣ'),
(1085,'Airbus A320',174,5500,'SWI','ΕΜΠΟΡΙΚΗΣ ΜΕΤΑΦΟΡΑΣ'),
(1086,'Airbus A321',206,9000,'SWI','ΕΜΠΟΡΙΚΗΣ ΜΕΤΑΦΟΡΑΣ'),
(1087,'Airbus A321',206,9000,'SWI','ΕΜΠΟΡΙΚΗΣ ΜΕΤΑΦΟΡΑΣ'),
(1088,'Boeing 777-300ER',402,12000,'SWI','ΕΜΠΟΡΙΚΗΣ ΜΕΤΑΦΟΡΑΣ'),
(1089,'Boeing 777-300ER',402,12000,'SWI','ΕΜΠΟΡΙΚΗΣ ΜΕΤΑΦΟΡΑΣ'),
(1090,'Airbus A319',128,5000,'TAP','ΕΜΠΟΡΙΚΗΣ ΜΕΤΑΦΟΡΑΣ'),
(1091,'Airbus A320',174,5500,'TAP','ΕΜΠΟΡΙΚΗΣ ΜΕΤΑΦΟΡΑΣ'),
(1092,'Airbus A320',174,5500,'TAP','ΕΜΠΟΡΙΚΗΣ ΜΕΤΑΦΟΡΑΣ'),
(1093,'Airbus A321neo',220,'9000','TAP','ΕΜΠΟΡΙΚΗΣ ΜΕΤΑΦΟΡΑΣ'),
(1094,'Airbus A321',206,9000,'TAP','ΕΜΠΟΡΙΚΗΣ ΜΕΤΑΦΟΡΑΣ'),
(1095,'Airbus A330',310,9000,'TAP','ΕΜΠΟΡΙΚΗΣ ΜΕΤΑΦΟΡΑΣ'),
(1096,'Boeing 777-300ER',402,12000,'THA','ΕΜΠΟΡΙΚΗΣ ΜΕΤΑΦΟΡΑΣ'),
(1097,'Boeing 777-300ER',402,12000,'THA','ΕΜΠΟΡΙΚΗΣ ΜΕΤΑΦΟΡΑΣ'),
(1098,'Airbus A320',174,5500,'TRA','ΕΜΠΟΡΙΚΗΣ ΜΕΤΑΦΟΡΑΣ'),
(1099,'Airbus A319',128,5000,'TRA','ΕΜΠΟΡΙΚΗΣ ΜΕΤΑΦΟΡΑΣ'),
(1100,'Airbus A321',206,9000,'TUA','ΕΜΠΟΡΙΚΗΣ ΜΕΤΑΦΟΡΑΣ'),
(1101,'Airbus A321',206,9000,'TUA','ΕΜΠΟΡΙΚΗΣ ΜΕΤΑΦΟΡΑΣ'),
(1102,'Airbus A330',310,9000,'TUA','ΕΜΠΟΡΙΚΗΣ ΜΕΤΑΦΟΡΑΣ'),
(1103,'Boeing 737',200,8000,'TUA','ΕΜΠΟΡΙΚΗΣ ΜΕΤΑΦΟΡΑΣ'),
(1104,'Boeing 737',200,8000,'TUA','ΕΜΠΟΡΙΚΗΣ ΜΕΤΑΦΟΡΑΣ'),
(1105,'Boeing 777-300ER',402,12000,'TUA','ΕΜΠΟΡΙΚΗΣ ΜΕΤΑΦΟΡΑΣ'),
(1106,'Airbus A330',0,15000,'TUA','ΒΙΟΜΗΧΑΝΙΚΩΝ ΜΕΤΑΦΟΡΩΝ'),
(1107,'Boeing 747',0,15000,'TUA','ΒΙΟΜΗΧΑΝΙΚΩΝ ΜΕΤΑΦΟΡΩΝ'),
(1108,'Airbus A320',174,5500,'TUN','ΕΜΠΟΡΙΚΗΣ ΜΕΤΑΦΟΡΑΣ'),
(1109,'Boeing 737',200,8000,'TUN','ΕΜΠΟΡΙΚΗΣ ΜΕΤΑΦΟΡΑΣ'),
(1110,'Boeing 737',200,8000,'UIA','ΕΜΠΟΡΙΚΗΣ ΜΕΤΑΦΟΡΑΣ'),
(1111,'Embraer 175',78,4500,'UIA','ΕΜΠΟΡΙΚΗΣ ΜΕΤΑΦΟΡΑΣ'),
(1112,'Boeing 787-9',298,9000,'UNI','ΕΜΠΟΡΙΚΗΣ ΜΕΤΑΦΟΡΑΣ'),
(1113,'Boeing 787-9',298,9000,'UNI','ΕΜΠΟΡΙΚΗΣ ΜΕΤΑΦΟΡΑΣ'),
(1114,'Airbus A320',174,5500,'VUE','ΕΜΠΟΡΙΚΗΣ ΜΕΤΑΦΟΡΑΣ'),
(1115,'Airbus A320',174,5500,'VUE','ΕΜΠΟΡΙΚΗΣ ΜΕΤΑΦΟΡΑΣ');


--ΔΕΔΟΜΕΝΑ ΚΑΤΗΓΟΡΙΑΣ
INSERT INTO "CATEGORY" ("name_category") VALUES ('ΕΜΠΟΡΙΚΗΣ ΜΕΤΑΦΟΡΑΣ'),('ΒΙΟΜΗΧΑΝΙΚΩΝ ΜΕΤΑΦΟΡΩΝ');


--ΔΕΔΟΜΕΝΑ ΑΕΡΟΔΡΟΜΙΟΥ
 INSERT INTO "AIRPORT" ("id_airport", "name_airport", "country", "town") VALUES
 (03527, 'ATHENS INTERNATIONAL AIRPORT ELEFTHERIOS VENIZELOS', 'ΕΛΛΑΔΑ', 'ΑΘΗΝΑ'),
 (16935, 'Montréal-Pierre Elliott Trudeau International Airport', 'ΚΑΝΑΔΑΣ', 'ΜΟΝΤΡΕΑΛ'),
 (17543, 'Thessaloniki Airport Makedonia', 'ΕΛΛΑΔΑ', 'ΘΕΣΣΑΛΟΝΙΚΗ'),
 (19065,'Singapore Changi Airport', 'ΣΙΓΚΑΠΟΥΡΗ', 'ΣΙΓΚΑΠΟΥΡΗ'),
 (20674, 'Malta International Airport', 'ΜΑΛΤΑ', 'ΒΑΛΕΤΑ'),
 (21896, 'Sheremetyevo - A.S. Pushkin international airport', 'ΡΩΣΙΑ', 'ΜΟΣΧΑ'),
 (23574, 'Évora Airport ', 'ΠΟΡΤΟΓΑΛΙΑ', 'ΕΒΟΡΑ'),
 (22874, 'OSLO AIRPORT', 'ΝΟΡΒΗΓΙΑ', 'ΌΣΛΟ'),
 (25904, 'Boryspil International Airport', 'ΟΥΚΡΑΝΙΑ','ΚΙΕΒΟ'),
 (26985, 'Stockholm Arlanda Airport', 'ΣΟΥΗΔΙΑ', 'ΣΤΟΚΧΟΛΜΗ'),
 (27290, 'Dubai International Airport', 'ΗΝΩΜΕΝΑ ΑΡΑΒΙΚΑ ΕΜΙΡΑΤΑ','ΝΤΟΥΜΠΑΙ'),
 (27342, 'Cairo International Airport', 'ΑΙΓΥΠΤΟΣ', 'ΚΑΙΡΟ'),
 (28567, 'Kirov Airport', 'ΡΩΣΙΑ', 'ΚΙΡΟΦ'),
 (28790, 'Kiruna Airport', 'ΣΟΥΗΔΙΑ', 'ΚΙΡΟΥΝΑ'),
 (29856, 'Dublin Airport', 'ΙΡΛΑΝΔΙΑ','ΔΟΥΒΛΙΝΟ'),
 (30689, "O'Hare International Airport", 'ΣΙΚΑΓΟ', 'ΗΝΩΜΕΝΕΣ ΠΟΛΙΤΕΙΕΣ'),
 (31673, 'Suvarnabhumi Airport', 'ΤΑΪΛΑΝΔΗ','ΜΠΑΝΓΚΟΚ'),
 (32895, 'WARSAW CHOPIN AIRPORT', 'ΠΟΛΩΝΙΑ','ΒΑΡΣΟΒΙΑ'),
 (33745, 'Sydney Airport', 'ΑΥΣΤΡΑΛΙΑ', 'ΣΙΔΝΕΪ'),
 (34869, 'DUSSELDORF AIRPORT', 'ΓΕΡΜΑΝΙΑ','ΝΤΙΣΕΛΝΤΟΡΦ'),
 (35690, 'LISBON AIRPORT', 'ΛΙΣΑΒΟΝΑ', 'ΠΟΡΤΟΓΑΛΙΑ'),
 (36490, 'Amsterdam Airport Schiphol', 'ΟΛΛΑΝΔΙΑ', 'ΑΜΣΤΕΡΝΤΑΜ'),
 (37890, 'Luxembourg Airport', 'ΛΟΥΞΕΜΒΟΥΡΓΟ','ΛΟΥΞΕΜΒΟΥΡΓΟ'),
 (38765, 'Tunis–Carthage International Airport', 'ΤΥΝΗΣΙΑ','ΤΥΝΙΔΑ'),
 (45970, 'BARCELONA AIRPORT', 'ΙΣΠΑΝΙΑ', 'ΒΑΡΚΕΛΩΝΗ'),
 (47860, 'Adolfo Suárez Madrid–Barajas Airport', 'ΙΣΠΑΝΙΑ', 'ΜΑΔΡΙΤΗ'),
 (48769, 'Franjo Tuđman Airport Zagreb', 'ΚΡΟΑΤΙΑ','ΖΑΓΚΡΕΜΠ'),
 (49028, 'Paris Charles de Gaulle Airport', 'ΓΑΛΛΙΑ', 'ΠΑΡΙΣΙ'),
 (50276, 'London International Airport', 'ΗΝΩΜΕΝΟ ΒΑΣΙΛΕΙΟ', 'ΛΟΝΔΙΝΟ'),
 (54870, 'Antalya Airport', 'ΤΟΥΡΚΙΑ', 'ΑΤΤΑΛΕΙΑ'),
 (58769, 'Giuseppe Verdi Airport', 'ΙΤΑΛΙΑ', 'ΠΑΡΜΑ'),
 (59876, 'Odesa International Airport', 'ΟΥΚΡΑΝΙΑ','ΟΔΥΣΣΟΣ'),
 (66319, 'Leonardo da Vinci International Airport', 'ΙΤΑΛΙΑ', 'ΡΩΜΗ'),
 (80956, 'Istanbul Airport', 'ΤΟΥΡΚΙΑ', 'ΚΩΝΣΤΑΝΤΙΝΟΥΠΟΛΗ'),
 (99362, 'Dallas/Fort Worth International Airport', 'ΗΝΩΜΕΝΕΣ ΠΟΛΙΤΕΙΕΣ', 'ΤΕΞΑΣ'),
 (99654, 'Amsterdam Airport Schiphol','ΟΛΛΑΝΔΙΑ','ΑΜΣΤΕΡΝΤΑΜ'),
 (99752, 'Rotterdam The Hague Airport', 'ΟΛΛΑΝΔΙΑ', 'ΡΟΤΕΡΝΤΑΜ');

  
  -- ΔΕΔΟΜΕΝΑ ΠΤΗΣΗΣ
  INSERT INTO "FLIGHT"("id_flight","id_airplane","date_flight","id_line","name_terminal") VALUES
  (100, 1001, '2021-01-05 07:35:00', 000, 'Terminal A'),
  (101, 1060, '2021-01-05 09:20:00', 001, 'Terminal B'),
  (102, 1110, '2021-01-05 11:00:00', 002, 'Terminal A'),
  (103, 1096, '2021-01-05 12:20:00', 003, 'Terminal C'),
  (104, 1078, '2021-01-05 15:15:00', 004, 'Terminal D'),
  (105, 1067, '2021-01-05 16:30:00', 005, 'Terminal A'),
  (106, 1011, '2021-01-05 21:40:00', 006, 'Terminal F'),
  (107, 1074, '2021-01-05 22:20:00', 007, 'Terminal E'),
  (108, 1075, '2021-01-05 23:30:00', 008, 'Terminal C'),
  (109, 1111, '2021-01-05 23:40:00', 009, 'Terminal A'),
  (110, 1101, '2021-01-05 23:40:00', 010, 'Terminal B'),
  -----------------------TRITH------------------------------
  (111, 1019, '2021-01-06 06:15:00', 011, 'Terminal A'),
  (112, 1021, '2021-01-06 07:40:00', 012, 'Terminal C'),
  (113, 1108, '2021-01-06 08:40:00', 013, 'Terminal B'),
  (114, 1061, '2021-01-06 12:00:00', 014, 'Terminal D'),
  (115, 1002, '2021-01-06 14:40:00', 015, 'Terminal F'),
  (116, 1067, '2021-01-06 16:00:00', 016, 'Terminal E'),
  (117, 1112, '2021-01-06 18:10:00', 017, 'Terminal B'),
  (118, 1038, '2021-01-06 22:15:00', 018, 'Terminal F'),
  (119, 1010, '2021-01-06 23:10:00', 019, 'Terminal A'),
  (120, 1101, '2021-01-06 23:30:00', 020, 'Terminal C'),

  -------------------------ΤΕΤΑΡΤΗ------------------------------
  (121, 1046, '2021-01-07 07:30:00', 021, 'Terminal A'),
  (122, 1053, '2021-01-07 08:05:00', 022, 'Terminal C'),
  (123, 1054, '2021-01-07 11:05:00', 023, 'Terminal C'),
  (124, 1061, '2021-01-07 12:43:00', 024, 'Terminal B'),
  (125, 1113, '2021-01-07 14:20:00', 025, 'Terminal D'),
  (126, 1068, '2021-01-07 17:05:00', 026, 'Terminal E'),
  (127, 1071, '2021-01-07 18:20:00', 027, 'Terminal C'),
  (128, 1081, '2021-01-07 20:10:00', 028, 'Terminal B'),
  (129, 1041, '2021-01-07 22:40:00', 029, 'Terminal D'),
  (130, 1026, '2021-01-07 23:00:00', 030, 'Terminal E'),
  -----------------------ΠΕΜΠΤΗ---------------------------------
  (131, 1095, '2021-01-08 11:15:00', 031, 'Terminal F'),
  (132, 1103, '2021-01-08 13:40:00', 032, 'Terminal C'),
  (133, 1107, '2021-01-08 15:10:00', 033, 'Terminal D'),
  (134, 1055, '2021-01-08 16:20:00', 034, 'Terminal E'),
  (135, 1003, '2021-01-08 18:20:00', 035, 'Terminal F'),
  (136, 1086, '2021-01-08 19:10:00', 036, 'Terminal F'),
  (137, 1085, '2021-01-08 20:15:00', 037, 'Terminal C'),
  (138, 1078, '2021-01-08 21:15:00', 038, 'Terminal D'),
  (139, 1109, '2021-01-08 22:10:00', 039, 'Terminal E'),
  (140, 1099, '2021-01-08 23:10:00', 040, 'Terminal F'),
  --------------------------ΠΑΡΑΣΚΕΥΗ------------------------------
  (141, 1006, '2021-01-09 00:05:00', 041, 'Terminal C'),
  (142, 1013, '2021-01-09 10:40:00', 042, 'Terminal D'),
  (143, 1031, '2021-01-09 10:50:00', 043, 'Terminal A'),
  (144, 1042, '2021-01-09 15:20:00', 044, 'Terminal D'),
  (145, 1092, '2021-01-09 17:30:00', 045, 'Terminal A'),
  (146, 1099, '2021-01-09 18:15:00', 046, 'Terminal C'),
  (147, 1068, '2021-01-09 22:50:00', 047, 'Terminal D'),
  (148, 1087, '2021-01-09 23:20:00', 048, 'Terminal A'),
  (149, 1088, '2021-01-09 23:40:00', 049, 'Terminal D'),
  (150, 1113, '2021-01-09 23:50:00', 050, 'Terminal A'),
  --------------ΣΑΒΒΑΤΟ-------------------------------------
  (151, 1050, '2021-01-10 07:25:00', 051, 'Terminal F'),
  (152, 1059, '2021-01-10 10:45:00', 052, 'Terminal E'),
  (153, 1111, '2021-01-10 12:50:00', 053, 'Terminal C'),
  (154, 1049, '2021-01-10 15:30:00', 054, 'Terminal B'),
  (155, 1070, '2021-01-10 17:40:00', 055, 'Terminal A'),
  (156, 1080, '2021-01-10 19:50:00', 056, 'Terminal E'),
  (157, 1065, '2021-01-10 20:00:00', 057, 'Terminal F'),
  (158, 1093, '2021-01-10 22:40:00', 058, 'Terminal D'),
  (159, 1071, '2021-01-10 23:10:00', 059, 'Terminal F'),
  (160, 1030, '2021-01-10 23:15:00', 060, 'Terminal D'),
  -------------ΚΥΡΙΑΚΗ--------------------------
  (161, 1014, '2021-01-11 02:40:00', 061, 'Terminal F'),
  (162, 1020, '2021-01-11 06:30:00', 062, 'Terminal E'),
  (163, 1094, '2021-01-11 09:20:00', 063, 'Terminal C'),
  (164, 1025, '2021-01-11 11:25:00', 064, 'Terminal B'),
  (165, 1052, '2021-01-11 14:30:00', 065, 'Terminal A'),
  (166, 1070, '2021-01-11 17:00:00', 066, 'Terminal E'),
  (167, 1017, '2021-01-11 19:10:00', 067, 'Terminal F'),
  (168, 1039, '2021-01-11 20:20:00', 068, 'Terminal D'),
  (169, 1073, '2021-01-11 21:30:00', 069, 'Terminal F'),
  (170, 1073, '2021-01-11 23:35:00', 070, 'Terminal D'),
  (171, 1109, '2021-01-11 23:50:00', 071, 'Terminal D');

 --ΔΕΔΟΜΕΝΑ ΓΡΑΜΜΗΣ
 INSERT INTO "LINE" ("id_line", "day_line","time_line") VALUES
 --------------------ΔΕΥΤΕΡΑ---------------------------------
 (000, 'ΔΕΥΤΕΡΑ', '07:35:00'),--ΕΛΛΑΔΑ/ΑΘΗΝΑ
 (001, 'ΔΕΥΤΕΡΑ', '09:20:00'),--ΙΤΑΛΙΑ/ΠΑΡΜΑ
 (002, 'ΔΕΥΤΕΡΑ', '11:00:00'),--ΟΥΚΡΑΝΙΑ/ΚΙΕΒΟ
 (003, 'ΔΕΥΤΕΡΑ', '12:20:00'),--ΤΑΪΛΑΝΔΗ/ΜΠΑΝΓΚΟΚ
 (004, 'ΔΕΥΤΕΡΑ', '15:15:00'),--ΑΥΣΤΡΑΛΙΑ/ΣΙΔΝΕΪ
 (005, 'ΔΕΥΤΕΡΑ', '16:20:00'),--ΟΛΛΑΝΔΙΑ/ΑΜΣΤΕΡΝΤΑΜ
 (006, 'ΔΕΥΤΕΡΑ', '21:40:00'),--ΡΩΣΙΑ/ΜΟΣΧΑ
 (007, 'ΔΕΥΤΕΡΑ', '22:00:00'),--ΝΟΡΒΗΓΙΑ/ΌΣΛΟ
 (008, 'ΔΕΥΤΕΡΑ', '23:00:00'),--ΝΟΡΒΗΓΙΑ/ΌΣΛΟ
 (009, 'ΔΕΥΤΕΡΑ', '23:30:00'),--ΟΥΚΡΑΝΙΑ/ΟΔΥΣΣΟΣ
 (010, 'ΔΕΥΤΕΡΑ', '23:40:00'),--ΤΟΥΡΚΙΑ/ΑΤΤΑΛΕΙΑ
 ---------------------ΤΡΙΤΗ----------------------------------
 (011, 'ΤΡΙΡΗ', '06:15:00'),--ΑΙΓΥΠΤΟΣ/ΚΑΙΡΟ 
 (012, 'ΤΡΙΡΗ', '07:40:00'),--ΚΑΝΑΔΑΣ/ΜΟΝΤΡΕΑΛ
 (013, 'ΤΡΙΤΗ', '08:30:00'),--ΤΥΝΗΣΙΑ/ΤΥΝΙΔΑ
 (014, 'ΤΡΙΤΗ', '12:00:00'),--ΙΤΑΛΙΑ/ΡΩΜΗ
 (015, 'ΤΡΙΡΗ', '14:40:00'),--ΕΛΛΑΔΑ/ΘΕΣΣΑΛΟΝΙΚΗ
 (016, 'ΤΡΙΤΗ', '16:00:00'),--ΟΛΛΑΝΔΙΑ/ΑΜΣΤΕΡΝΤΑΜ
 (017, 'ΤΡΙΤΗ', '18:10:00'),--ΗΠΑ/ΤΕΞΑΣ
 (018, 'ΤΡΙΤΗ', '22:10:00'),--ΙΡΛΑΝΔΙΑ/ΔΟΥΒΛΙΝΟ
 (019, 'ΤΡΙΤΗ', '23:00:00'),--ΟΥΚΡΑΝΙΑ/ΟΔΥΣΣΟΣ
 (020, 'ΤΡΙΤΗ', '23:30:00'),--ΤΟΥΡΚΙΑ/ΑΤΤΑΛΕΙΑ
 ---------------------ΤΕΤΑΡΤΗ---------------------------------
 (021, 'ΤΕΤΑΡΤΗ', '07:20:00'),--ΝΤΟΥΜΠΑΙ
 (022, 'ΤΕΤΑΡΤΗ', '08:05:00'),--ΙΣΠΑΝΙΑ/ΜΑΔΡΙΤΗ
 (023, 'ΤΕΤΑΡΤΗ', '11:05:00'),--ΙΣΠΑΝΙΑ/ΒΑΡΚΕΛΩΝΗ
 (024, 'ΤΕΤΑΡΤΗ', '12:43:00'),--ΙΤΑΛΙΑ/ΡΩΜΗ
 (025, 'ΤΕΤΑΡΤΗ', '14:00:00'),--ΗΝΩΜΕΝΕΣ ΠΟΛΙΤΕΙΕΣ/ΣΙΚΑΓΟ
 (026, 'ΤΕΤΑΡΤΗ', '17:05:00'),--ΟΛΛΑΝΔΙΑ/ΡΟΤΕΡΝΤΑΜ
 (027, 'ΤΕΤΑΡΤΗ', '18:10:00'),--ΛΟΥΞΕΜΒΟΥΡΓΟ/ΛΟΥΞΕΜΒΟΥΡΓΟ
 (028, 'ΤΕΤΑΡΤΗ', '20:10:00'),--ΣΙΓΚΑΠΟΥΡΗ
 (029, 'ΤΕΤΑΡΤΗ', '22:30:00'),--ΗΝΩΜ.ΒΑΣΙΛΕΙΟ/ΛΟΝΔΙΝΟ
 (030, 'ΤΕΤΑΡΤΗ', '23:00:00'),--ΓΑΛΛΙΑ/ΠΑΡΙΣΙ
 ---------------------ΠΕΜΠΤΗ-----------------------------------
 (031, 'ΠΕΜΠΤΗ', '11:15:00'),--ΠΟΡΤΟΓΑΛΙΑ/ΕΒΟΡΑ
 (032, 'ΠΕΜΠΤΗ', '13:40:00'),--ΤΟΥΡΚΙΑ/ΚΩΝΣΤΑΝΤΙΝΟΥΠΟΛΗ
 (033, 'ΠΕΜΠΤΗ', '15:10:00'),--ΤΟΥΡΚΙΑ/ΚΩΝΣΤΑΝΤΙΝΟΥΠΟΛΗ
 (034, 'ΠΕΜΠΤΗ', '16:10:00'),--ΙΣΠΑΝΙΑ/ΒΑΡΚΕΛΩΝΗ
 (035, 'ΠΕΜΠΤΗ', '18:20:00'),--ΕΛΛΑΔΑ/ΘΕΣΣΑΛΟΝΙΚΗ
 (036, 'ΠΕΜΠΤΗ', '19:00:00'),--ΣΟΥΗΔΙΑ/ΣΤΟΚΧΟΛΜΗ
 (037, 'ΠΕΜΠΤΗ', '20:15:00'),--ΣΟΥΗΔΙΑ/ΚΙΡΟΥΝΑ
 (038, 'ΠΕΜΠΤΗ', '21:15:00'),--ΑΥΣΤΡΑΛΙΑ/ΣΙΔΝΕΪ
 (039, 'ΠΕΜΠΤΗ', '22:00:00'),--ΤΥΝΗΣΙΑ/ΤΥΝΙΔΑ
 (040, 'ΠΕΜΠΤΗ', '23:10:00'),--ΚΡΟΑΤΙΑ/ΖΑΓΚΡΕΜΠ
 ----------------------ΠΑΡΑΣΚΕΥΗ---------------------------------
 (041, 'ΠΑΡΑΣΚΕΥΗ', '00:05:00'),--ΕΛΛΑΔΑ/ΑΘΗΝΑ
 (042, 'ΠΑΡΑΣΚΕΥΗ', '10:40:00'),--ΡΩΣΙΑ/ΜΟΣΧΑ
 (043, 'ΠΑΡΑΣΚΕΥΗ', '10:50:00'),--ΗΠΑ/ΤΕΞΑΣ
 (044, 'ΠΑΡΑΣΚΕΥΗ', '15:00:00'),--ΗΝΩΜ.ΒΑΣΙΛΕΙΟ/ΛΟΝΔΙΝΟ
 (045, 'ΠΑΡΑΣΚΕΥΗ', '17:30:00'),--ΠΟΡΤΟΓΑΛΙΑ/ΛΙΣΑΒΟΝΑ
 (046, 'ΠΑΡΑΣΚΕΥΗ', '18:15:00'),--ΚΡΟΑΤΙΑ/ΖΑΓΚΡΕΜΠ
 (047, 'ΠΑΡΑΣΚΕΥΗ', '22:50:00'),--ΟΛΛΑΝΔΙΑ/ΡΟΤΕΡΝΤΑΜ
 (048, 'ΠΑΡΑΣΚΕΥΗ', '23:10:00'),--ΣΟΥΗΔΙΑ/ΚΙΡΟΥΝΑ
 (049, 'ΠΑΡΑΣΚΕΥΗ', '23:40:00'),--ΣΟΥΗΔΙΑ/ΣΤΟΚΧΟΛΜΗ
 (050, 'ΠΑΡΑΣΚΕΥΗ', '23:50:00'),--ΗΝΩΜΕΝΕΣ ΠΟΛΙΤΕΙΕΣ/ΣΙΚΑΓΟ
 ---------------------ΣΑΒΒΑΤΟ-------------------------------------
 (051, 'ΣΑΒΒΑΤΟ', '07:25:00'),--ΓΕΡΜΑΝΙΑ/ΝΤΙΣΕΛΝΤΟΡΦ
 (052, 'ΣΑΒΒΑΤΟ', '10:45:00'),--ΙΣΠΑΝΙΑ/ΜΑΔΡΙΤΗ
 (053, 'ΣΑΒΒΑΤΟ', '12:50:00'),--ΟΥΚΡΑΝΙΑ/ΚΙΕΒΟ
 (054, 'ΣΑΒΒΑΤΟ', '15:20:00'),--ΝΤΟΥΜΠΑΙ
 (055, 'ΣΑΒΒΑΤΟ', '17:40:00'),--ΠΟΛΩΝΙΑ/ΒΑΡΣΟΒΙΑ
 (056, 'ΣΑΒΒΑΤΟ', '19:50:00'),--ΣΙΓΚΑΠΟΥΡΗ
 (057, 'ΣΑΒΒΑΤΟ', '20:00:00'),--ΙΤΑΛΙΑ/ΠΑΡΜΑ
 (058, 'ΣΑΒΒΑΤΟ', '22:40:00'),--ΠΟΡΤΟΓΑΛΙΑ/ΛΙΣΑΒΟΝΑ
 (059, 'ΣΑΒΒΑΤΟ', '23:00:00'),--ΛΟΥΞΕΜΒΟΥΡΓΟ/ΛΟΥΞΕΜΒΟΥΡΓΟ
 (060, 'ΣΑΒΒΑΤΟ', '23:15:00'),--ΓΑΛΛΙΑ/ΠΑΡΙΣΙ
 ---------------------ΚΥΡΙΑΚΗ-------------------------------------
 (061, 'ΚΥΡΙΑΚΗ', '02:30:00'),--ΡΩΣΙΑ/ΚΙΡΟΦ
 (062, 'ΚΥΡΙΑΚΗ', '06:30:00'),--ΑΙΓΥΠΤΟΣ/ΚΑΙΡΟ
 (063, 'ΚΥΡΙΑΚΗ', '09:20:00'),--ΠΟΡΤΟΓΑΛΙΑ/ΕΒΟΡΑ
 (064, 'ΚΥΡΙΑΚΗ', '11:25:00'),--ΚΑΝΑΔΑΣ/ΜΟΝΤΡΕΑΛ
 (065, 'ΚΥΡΙΑΚΗ', '14:20:00'),--ΓΕΡΜΑΝΙΑ/ΝΤΙΣΕΛΝΤΟΡΦ
 (066, 'ΚΥΡΙΑΚΗ', '17:00:00'),--ΠΟΛΩΝΙΑ/ΒΑΡΣΟΒΙΑ
 (067, 'ΚΥΡΙΑΚΗ', '19:00:00'),--ΡΩΣΙΑ/ΚΙΡΟΦ
 (068, 'ΚΥΡΙΑΚΗ', '20:20:00'),--ΙΡΛΑΝΔΙΑ/ΔΟΥΒΛΙΝΟ
 (069, 'ΚΥΡΙΑΚΗ', '21:30:00'),--ΜΑΛΤΑ/ΒΑΛΕΤΑ
 (070, 'ΚΥΡΙΑΚΗ', '23:30:00'),--ΜΑΛΤΑ/ΒΑΛΕΤΑ
 (071, 'ΚΥΡΙΑΚΗ', '23:50:00');--ΤΑΪΛΑΝΔΗ/ΜΠΑΝΓΚΟΚ


 --ΔΕΔΟΜΕΝΑ DEPARTURE
 INSERT INTO "DEPARTURE"("id_departure","id_line","id_airport") VALUES
 (2000,000,03527), --ΑΘΗΝΑ
 (2001,001,58769), --ΠΑΡΜΑ
 (2002,002,25904), --ΚΙΕΒΟ 
 (2003,003,31673), --ΜΠΑΝΓΚΟΚ
 (2004,004,33745), --ΣΙΔΝΕΪ
 (2005,005,36490), --ΑΜΣΤΕΡΝΤΑΜ
 (2006,006,21896), --ΜΟΣΧΑ
 (2007,007,22874), --ΌΣΛΟ
 (2008,009,59876), --ΟΔΥΣΣΟΣ
 (2009,010,54870), --ΑΤΤΑΛΕΙΑ
 (2010,011,27342), --ΚΑΙΡΟ
 (2011,012,16935), --ΜΟΝΤΡΕΑΛ
 (2012,013,38765), --ΤΥΝΙΔΑ
 (2013,014,66319), --ΡΩΜΗ
 (2014,015,17543), --ΘΕΣΣΑΛΟΝΙΚΗ
 (2015,017,99362), --ΤΕΞΑΣ
 (2016,018,29856), --ΔΟΥΒΛΙΝΟ
 (2017,021,27290), --ΝΤΟΥΜΠΑΙ
 (2018,022,47860), --ΜΑΔΡΙΤΗ
 (2019,023,45970), --ΒΑΡΚΕΛΩΝΗ
 (2020,025,30689), --ΣΙΚΑΓΟ
 (2021,026,99752), --ΡΟΤΕΡΝΤΑΜ
 (2022,027,37890), --ΛΟΥΞΕΜΒΟΥΡΓΟ
 (2023,028,19065), --ΣΙΓΚΑΠΟΥΡΗ
 (2024,029,50276), --ΛΟΝΔΙΝΟ
 (2025,030,49028), --ΠΑΡΙΣΙ
 (2026,031,23574), --ΕΒΟΡΑ
 (2027,032,80956), --ΚΩΝΣΤΑΝΤΙΝΟΥΠΟΛΗ
 (2028,036,26985), --ΣΤΟΚΧΟΛΜΗ
 (2029,037,28790), --ΚΙΡΟΥΝΑ
 (2030,040,48769), --ΖΑΓΚΡΕΜΠ
 (2031,045,35690), --ΛΙΣΑΒΟΝΑ
 (2032,051,34869), --ΝΤΙΣΕΛΝΤΟΡΦ
 (2033,055,32895), --ΒΑΡΣΟΒΙΑ
 (2034,061,28567), --ΚΙΡΟΦ
 (2035,069,20674); --ΒΑΛΕΤΑ

 --ΔΕΔΟΜΕΝΑ ΑΦΙΞΗΣ
 INSERT INTO "ARRIVAL"("id_arrival","id_line","id_airport") VALUES
 (3000,041,03527), --ΑΘΗΝΑ
 (3001,057,58769), --ΠΑΡΜΑ
 (3002,053,25904), --ΚΙΕΒΟ 
 (3003,071,31673), --ΜΠΑΝΓΚΟΚ
 (3004,038,33745), --ΣΙΔΝΕΪ
 (3005,016,36490), --ΑΜΣΤΕΡΝΤΑΜ
 (3006,042,21896), --ΜΟΣΧΑ
 (3007,008,22874), --ΌΣΛΟ
 (3008,019,59876), --ΟΔΥΣΣΟΣ
 (3009,020,54870), --ΑΤΤΑΛΕΙΑ
 (3010,062,27342), --ΚΑΙΡΟ
 (3011,064,16935), --ΜΟΝΤΡΕΑΛ
 (3012,039,38765), --ΤΥΝΙΔΑ
 (3013,024,66319), --ΡΩΜΗ
 (3014,035,17543), --ΘΕΣΣΑΛΟΝΙΚΗ
 (3015,043,99362), --ΤΕΞΑΣ
 (3016,068,29856), --ΔΟΥΒΛΙΝΟ
 (3017,054,27290), --ΝΤΟΥΜΠΑΙ
 (3018,052,47860), --ΜΑΔΡΙΤΗ
 (3019,034,45970), --ΒΑΡΚΕΛΩΝΗ
 (3020,050,30689), --ΣΙΚΑΓΟ
 (3021,047,99752), --ΡΟΤΕΡΝΤΑΜ
 (3022,059,37890), --ΛΟΥΞΕΜΒΟΥΡΓΟ
 (3023,056,19065), --ΣΙΓΚΑΠΟΥΡΗ
 (3024,044,50276), --ΛΟΝΔΙΝΟ
 (3025,060,49028), --ΠΑΡΙΣΙ
 (3026,063,23574), --ΕΒΟΡΑ
 (3027,033,80956), --ΚΩΝΣΤΑΝΤΙΝΟΥΠΟΛΗ
 (3028,049,26985), --ΣΤΟΚΧΟΛΜΗ
 (3029,048,28790), --ΚΙΡΟΥΝΑ
 (3030,046,48769), --ΖΑΓΚΡΕΜΠ
 (3031,058,35690), --ΛΙΣΑΒΟΝΑ
 (3032,065,34869), --ΝΤΙΣΕΛΝΤΟΡΦ
 (3033,066,32895), --ΒΑΡΣΟΒΙΑ
 (3034,067,28567), --ΚΙΡΟΦ
 (3035,070,20674); --ΒΑΛΕΤΑ

--ΔΕΔΟΜΕΝΑ ΕΝΔΙΑΜΕΣΟΥ ΣΤΑΘΜΟΥ
/* Έχω κάνει την παραδοχή ότι το αεροδρόμιο μας είναι σε μια πολιτεία των ΗΠΑ, έστω LA, συνεπώς σε κάποιες πτήσεις θα κάνει ενδιάμεση στάση σε άλλα αεροδρόμια.
Εδώ στο id_airport έχω βάλει το id του αεροδρομίου στο οποίο αντιστοιχεί η ενδιάμεση στάση. */
INSERT INTO "MID"("id_mid","id_line","id_airport") VALUES
-----ΑΝΑΧΩΡΗΣΕΙΣ ΜΕ ΕΝΔΙΑΜΕΣΗ ΣΤΑΣΗ
(4001, 000, 34869), --ΕΛΛΑΔΑ ΜΕ ΕΝΔΙΑΜΕΣΗ ΣΤΑΣΗ ΝΤΙΣΕΛΝΤΟΡΦ
(4002, 001, 49028),-- ΠΑΡΜΑ ΜΕ ΕΝΔΙΑΜΕΣΗ ΣΤΑΣΗ ΠΑΡΙΣΙ
(4003, 002, 99654),-- ΚΙΕΒΟ ΜΕ ΕΝΔΙΑΜΕΣΗ ΣΤΑΣΗ ΑΜΣΤΕΡΝΤΑΜ
(4004, 003, 29856),-- ΜΠΑΝΓΚΟΚ ΜΕ ΕΝΔΙΑΜΕΣΗ ΣΤΑΣΗ ΔΟΥΒΛΙΝΟ
(4005, 004, 66319),-- ΣΙΔΝΕΪ ΜΕ ΕΝΔΙΑΜΕΣΗ ΣΤΑΣΗ ΡΩΜΗ
(4006, 006, 50276),-- ΜΟΣΧΑ ΜΕ ΕΝΔΙΑΜΕΣΗ ΣΤΑΣΗ ΛΟΝΔΙΝΟ
(4007, 013, 21896),-- ΤΥΝΙΔΑ ΜΕ ΕΝΔΙΑΜΕΣΗ ΣΤΑΣΗ ΜΟΣΧΑ
----ΑΦΙΞΕΙΣ ΜΕ ΕΝΔΙΑΜΕΣΗ ΣΤΑΣΗ 
(4008, 056, 21896),-- ΣΙΓΚΑΠΟΥΡΗ ΜΕ ΕΝΔΙΑΜΕΣΗ ΣΤΑΣΗ ΜΟΣΧΑ
(4009, 054, 49028),-- ΝΤΟΥΜΠΑΙ ΜΕ ΕΝΔΙΑΜΕΣΗ ΣΤΑΣΗ ΠΑΡΙΣΙ
(4010, 038, 35690),-- ΣΙΔΝΕΪ ΜΕ ΕΝΔΙΑΜΕΣΗ ΣΤΑΣΗ ΛΙΣΑΒΟΝΑ
(4011, 057, 34869),-- ΠΑΡΜΑ ΜΕ ΕΝΔΙΑΜΣΗ ΣΤΑΣΗ ΝΤΙΣΕΛΝΤΟΡΦ
(4012, 033, 66319),-- ΚΩΝΣΤΑΝΤΙΝΟΥΠΟΛΗ ΜΕ ΕΝΔΙΑΜΕΣΗ ΣΤΑΣΗ ΡΩΜΗ
(4013, 046, 32895),-- ΖΑΓΚΡΕΜΠ ΜΕ ΕΝΔΙΑΜΕΣΗ ΣΤΑΣΗ ΒΑΡΣΟΒΙΑ
(4015, 067, 66319);-- ΚΙΡΟΦ ΜΕ ΕΝΔΙΑΜΕΣΗ ΣΤΑΣΗ ΡΩΜΗ 


----ΑΝΤΙΣΤΟΙΧΙΣΕΙΣ CHECK IN - ΑΕΡΟΠΟΡΙΚΗΣ  ΜΕ ΏΡΕΣ ΓΡΑΜΜΗΣ
 INSERT INTO "CHECKIN"("number","open_time","close_time","id_airline","id_line")VALUES
 -----------------ΔΕΥΤΕΡΑ----------------------------
 ('00-05','04:05:00','07:05:00','AEG',000),--ΑΘΗΝΑ
 ('06-11','05:50:00','08:50:00','ITA',001),--ΠΑΡΜΑ
 ('12-17','07:30:00','10:30:00','UIA',002),--ΚΙΕΒΟ
 ('18-23','08:50:00','11:50:00','THA',003),--ΜΠΑΝΓΚΟΚ
 ('24-29','11:45:00','14:45:00','QAN',004),--ΣΙΔΝΕΪ
 ('30-35','11:50:00','14:50:00','KLM',005),--ΑΜΣΤΕΡΝΤΑΜ
 ('36-41','18:10:00','21:10:00','AER',006),--ΜΟΣΧΑ
 ('42-47','18:30:00','21:30:00','NOW',007),--ΌΣΛΟ
 ('12-17','20:00:00','23:00:00','UIA',009),--ΟΔΥΣΣΟΣ
 ('06-11','20:10:00','23:10:00','TUA',010),--ΑΤΤΑΛΕΙΑ
 ------------------ΤΡΙΤΗ-------------------------------
 ('48-53','02:45:00','05:45:00','AIA',011),--ΚΑΙΡΟ
 ('54-59','04:10:00','07:10:00','AIC',012),--ΜΟΝΤΡΕΑΛ
 ('60-65','05:00:00','08:00:00','TUN',013),--ΤΥΝΙΔΑ
 ('06-11','08:30:00','11:30:00','ITA',014),--ΡΩΜΗ
 ('00-05','11:10:00','14:10:00','AEG',015),--ΘΕΣΣΑΛΟΝΙΚΗ
 ('66-71','14:40:00','17:40:00','UNI',017),--ΤΕΞΑΣ
 ('42-47','18:50:00','21:50:00','ASL',018),--ΔΟΥΒΛΙΝΟ
 ------------------ΤΕΤΑΡΤΗ-------------------------------------
 ('24-29','03:50:00','06:50:00','EMI',021),--ΝΤΟΥΜΠΑΙ
 ('12-17','04:35:00','07:35:00','IBE',022),--ΜΑΔΡΙΤΗ
 ('12-17','07:35:00','10:35:00','VUE',023),--ΒΑΡΚΕΛΩΝΗ
 ('66-71','10:30:00','13:30:00','UNI',025),--ΣΙΚΑΓΟ
 ('30-35','13:35:00','16:35:00','KLM',026),--ΡΟΤΕΡΝΤΑΜ
 ('66-71','14:40:00','17:40:00','LUX',027),--ΛΟΥΞΕΜΒΟΥΡΓΟ
 ('60-65','16:40:00','19:40:00','SIN',028),--ΣΙΓΚΑΠΟΥΡΗ
 ('48-53','19:00:00','22:00:00','BRA',029),--ΛΟΝΔΙΝΟ
 ('18-23','19:30:00','22:30:00','AIF',030),--ΠΑΡΙΣΙ
 ------------------ΠΕΜΠΤΗ--------------------------------
 ('30-35','07:45:00','10:45:00','TAP',031),--ΕΒΟΡΑ
 ('06-11','10:10:00','13:10:00','TUA',032),--ΚΩΝΣΤΑΝΤΙΝΟΥΠΟΛΗ
 ('54-59','15:30:00','18:30:00','SWI',036),--ΣΤΟΚΧΟΛΜΗ
 ('54-59','16:45:00','19:45:00','SWI',037),--ΚΙΡΟΥΝΑ
 ('36-41','19:40:00','22:40:00','TRA',040),--ΖΑΓΚΡΕΜΠ
 ------------------ΠΑΡΑΣΚΕΥΗ-----------------------------------
 ('30-35','14:00:00','17:00:00','TAP',045),--ΛΙΣΑΒΟΝΑ
 ------------------ΣΑΒΒΑΤΟ---------------------------------
 ('42-47','03:55:00','06:55:00','ASL',051),--ΝΤΙΣΕΛΝΤΟΡΦ
 ('24-29','14:10:00','17:10:00','EMI',055),--ΒΑΡΣΟΒΙΑ
 ------------------ΚΥΡΙΑΚΗ-------------------------------
 ('36-41','23:00:00','02:00:00','AER',061),--ΚΙΡΟΦ
 ('00-05','18:00:00','21:00:00','MAL',069);--ΒΑΛΕΤΑ